{
    "rmse": 0.6894362300913867,
    "mae": 0.5385924266528166,
    "r2": 0.30383755210336716
}